-- phpMyAdmin SQL Dump
-- version 4.9.7
-- https://www.phpmyadmin.net/
--
-- Hôte : 127.0.0.1:3306
-- Généré le : mar. 12 juil. 2022 à 12:57
-- Version du serveur :  5.7.36
-- Version de PHP : 7.4.26

SET SQL_MODE = "NO_AUTO_VALUE_ON_ZERO";
SET AUTOCOMMIT = 0;
START TRANSACTION;
SET time_zone = "+00:00";

--
-- Base de données : `vigie`
--

--
-- Déchargement des données de la table `activations`
--

INSERT INTO `activations` (`id`, `user_id`, `code`, `completed`, `completed_at`, `created_at`, `updated_at`) VALUES
(106, 113, 'pwW8PRoKHCVoY3AyEqjJliIW7TIsVUqi', 1, '2022-06-20 11:51:21', '2022-06-20 11:51:21', '2022-06-20 11:51:21'),
(24, 114, 'XXk6AfF3VWMgGqcjGUnMW8bR9pmE2OXD', 1, '2022-07-12 08:44:25', '2022-07-12 08:44:25', '2022-07-12 08:44:25'),
(25, 115, 'Rt1q57kqAHAtz6otYnYU7AhR5945PU2R', 1, '2022-07-12 08:48:52', '2022-07-12 08:48:52', '2022-07-12 08:48:52'),
(26, 30, 'XhhJtQkVTCgDfGq5izu5DDHjOGPsuNyz', 1, '2022-07-12 08:49:55', '2022-07-12 08:49:55', '2022-07-12 08:49:55'),
(27, 31, 'fg33rovyzK2rLfeYyXK24YHNyQFgtHNh', 1, '2022-07-12 08:51:37', '2022-07-12 08:51:37', '2022-07-12 08:51:37'),
(28, 32, 'LEXGDfTx7KrSDjYMwoSoXqGXxs68BF9W', 1, '2022-07-12 08:52:18', '2022-07-12 08:52:18', '2022-07-12 08:52:18'),
(29, 33, 'F7J8i26AEhbe4rDbZCjHn3DLMHl9H6U7', 1, '2022-07-12 08:54:49', '2022-07-12 08:54:49', '2022-07-12 08:54:49'),
(30, 34, 'aeQ5y8rr5Yk0aeXYzKKbCiXTA5Gmu9MT', 1, '2022-07-12 08:55:54', '2022-07-12 08:55:54', '2022-07-12 08:55:54'),
(31, 35, 'wF1CGqDz9I2tUb1R53bxFx82mdH6wjWI', 1, '2022-07-12 08:56:31', '2022-07-12 08:56:31', '2022-07-12 08:56:31'),
(32, 36, 'NobiJE5om73QFJC9S3SkjetDv7rs5wlM', 1, '2022-07-12 08:59:44', '2022-07-12 08:59:44', '2022-07-12 08:59:44'),
(33, 37, 'agq14KUs0lfNFmZkVa74HdBf3SBhixSi', 1, '2022-07-12 09:00:27', '2022-07-12 09:00:27', '2022-07-12 09:00:27'),
(34, 38, '5BHfSiZv9QAQeZls8cxnS8tOZZQMD3cD', 1, '2022-07-12 09:01:35', '2022-07-12 09:01:35', '2022-07-12 09:01:35'),
(35, 39, 'RoH7Fsjexu8Ziacgtj5BnUJbGhBvZORe', 1, '2022-07-12 09:03:29', '2022-07-12 09:03:29', '2022-07-12 09:03:29'),
(36, 40, 'V8Dpuej61425WyVvKQLFBeR3GSCEeCzN', 1, '2022-07-12 09:04:40', '2022-07-12 09:04:40', '2022-07-12 09:04:40'),
(37, 41, 'jgZYSWcctatu5ZHetf7QUfRtRkbpCP3f', 1, '2022-07-12 09:05:40', '2022-07-12 09:05:40', '2022-07-12 09:05:40'),
(38, 42, 'hO78RvBZHkdIapb3I2fv5Hzb3iUOPJ5e', 1, '2022-07-12 09:06:28', '2022-07-12 09:06:28', '2022-07-12 09:06:28'),
(39, 43, '2BM2uQ2OR3kD4iGeUXxKyd7xZ4LfCYP6', 1, '2022-07-12 09:07:58', '2022-07-12 09:07:58', '2022-07-12 09:07:58'),
(40, 44, 'mpFw85jh2e8kykK3JKJg4T6W4VwE1sqI', 1, '2022-07-12 09:08:42', '2022-07-12 09:08:42', '2022-07-12 09:08:42'),
(41, 45, 'lk4io78kVaEHjMGgo36vlgiS4I48bMok', 1, '2022-07-12 09:10:01', '2022-07-12 09:10:01', '2022-07-12 09:10:01'),
(42, 46, 'bcLAiPKqpjcTnDRrpmWZtRbGJMigbmxy', 1, '2022-07-12 09:10:48', '2022-07-12 09:10:48', '2022-07-12 09:10:48'),
(43, 47, '2N2KXnvzlJ8TX40OhivVtUMcmmpDjHQ2', 1, '2022-07-12 09:12:00', '2022-07-12 09:12:00', '2022-07-12 09:12:00'),
(44, 48, 'MJVIFEOIg78VoqDrkP8DhhnavrET8buY', 1, '2022-07-12 09:12:52', '2022-07-12 09:12:52', '2022-07-12 09:12:52'),
(45, 49, 'rj1Je6yzEUnlbK0lgjo2Ac7p9LZaBJ6T', 1, '2022-07-12 09:13:37', '2022-07-12 09:13:37', '2022-07-12 09:13:37'),
(46, 50, 'R2U6I930KSwGzvnINZpkVnfVFoW8fOyz', 1, '2022-07-12 09:15:01', '2022-07-12 09:15:01', '2022-07-12 09:15:01'),
(47, 52, 'naeEYtmsRYHOcUgwve8J8FM2wZTe1mjk', 1, '2022-07-12 09:21:44', '2022-07-12 09:21:44', '2022-07-12 09:21:44'),
(48, 53, 'ZJWnso3B6SpDYSNsvEeK00YvYrB4P0fj', 1, '2022-07-12 09:22:51', '2022-07-12 09:22:51', '2022-07-12 09:22:51'),
(49, 54, 'IyBGuaTyjkBzwteU6GyVE1I87dZP5dqE', 1, '2022-07-12 09:28:29', '2022-07-12 09:28:29', '2022-07-12 09:28:29'),
(50, 55, 'v9uKobij2IsCUA7uNkwZZ644QJevqROt', 1, '2022-07-12 09:31:25', '2022-07-12 09:31:25', '2022-07-12 09:31:25'),
(51, 56, 'CgPQ9ma1M57bOeMR839PpXlG26kBZ3DE', 1, '2022-07-12 09:33:47', '2022-07-12 09:33:47', '2022-07-12 09:33:47'),
(52, 57, 'fN7je8QXezfD9PVj8KssOkC3JJWPe7Nh', 1, '2022-07-12 09:35:15', '2022-07-12 09:35:15', '2022-07-12 09:35:15'),
(53, 58, 'EkxyI3dppag1qznc7sW5vmBJYfdB0cGg', 1, '2022-07-12 09:36:36', '2022-07-12 09:36:35', '2022-07-12 09:36:36'),
(54, 59, 'mykGUsn3zpiEnFNAbvX9HBdd5gPUcW73', 1, '2022-07-12 09:37:43', '2022-07-12 09:37:43', '2022-07-12 09:37:43'),
(55, 60, 'Xt3q1WI3HVHFhzlgE89k5ZieriPOnKoO', 1, '2022-07-12 10:05:12', '2022-07-12 10:05:12', '2022-07-12 10:05:12'),
(56, 61, 'iulwd4lDQd1BLDHp8GGwdp3WL1Mg2iFI', 1, '2022-07-12 10:06:04', '2022-07-12 10:06:04', '2022-07-12 10:06:04'),
(57, 62, '6oKNdtU1PYBLgoRKaQmFUZX4PSMVjPbl', 1, '2022-07-12 10:06:55', '2022-07-12 10:06:55', '2022-07-12 10:06:55'),
(58, 63, 'HCXOnbYblYfoSpsQW46HKdc0nHYWEwbi', 1, '2022-07-12 10:07:53', '2022-07-12 10:07:53', '2022-07-12 10:07:53'),
(59, 64, 'HuylPQ0JsaJPsozZCk3Nl0g4CcGWswUc', 1, '2022-07-12 10:13:47', '2022-07-12 10:13:47', '2022-07-12 10:13:47'),
(60, 65, '6zzp2vuZNHoeLDHZ2DwqIgqaXVhdqkJS', 1, '2022-07-12 10:14:58', '2022-07-12 10:14:58', '2022-07-12 10:14:58'),
(61, 66, 'N79y0Lmxvty2hLEZfwHdksH75jOEuSGM', 1, '2022-07-12 10:16:12', '2022-07-12 10:16:12', '2022-07-12 10:16:12'),
(62, 67, 'bE46U86K5BvbRrjJEez1iktvuUq5Tqb3', 1, '2022-07-12 10:17:10', '2022-07-12 10:17:10', '2022-07-12 10:17:10'),
(63, 68, '2d1O8woKakyLPHXGalxF7uobNOePWZw3', 1, '2022-07-12 10:17:49', '2022-07-12 10:17:49', '2022-07-12 10:17:49'),
(64, 70, '8JgvGv1kcJxgsjqLKvyDhQU7taXe11ZT', 1, '2022-07-12 10:21:08', '2022-07-12 10:21:08', '2022-07-12 10:21:08'),
(65, 71, '6thitvMy8NMjQBVScGXmNunYCpWiwgiy', 1, '2022-07-12 10:21:49', '2022-07-12 10:21:49', '2022-07-12 10:21:49'),
(66, 72, 'q6pK2fucVmU1sJfQ9OKKb22MHMj9ZpWY', 1, '2022-07-12 10:22:30', '2022-07-12 10:22:30', '2022-07-12 10:22:30'),
(67, 73, 'UJynQRhvqVBPuvWkOfv3pt6CSWriciRb', 1, '2022-07-12 10:25:17', '2022-07-12 10:25:17', '2022-07-12 10:25:17'),
(68, 74, 'kf3Q4o6imgkajXQuSkphFbUnMH41J6g8', 1, '2022-07-12 10:25:54', '2022-07-12 10:25:54', '2022-07-12 10:25:54'),
(69, 75, 'zOPKkVPqn6udRXV8wlASa6N9qhkxGYFw', 1, '2022-07-12 10:26:28', '2022-07-12 10:26:28', '2022-07-12 10:26:28'),
(70, 76, 'nquINq5TKx4s1USAjYep6QOiYuamkwxl', 1, '2022-07-12 10:26:56', '2022-07-12 10:26:56', '2022-07-12 10:26:56'),
(71, 77, 'aKdpwqHFcX0e0XsApWbwd7nkRCTm0HWe', 1, '2022-07-12 10:28:03', '2022-07-12 10:28:03', '2022-07-12 10:28:03'),
(72, 78, 'vDQXcVDkomIqAo7oAbJhcLNqr9kA3M05', 1, '2022-07-12 10:28:41', '2022-07-12 10:28:41', '2022-07-12 10:28:41'),
(73, 79, 'YSkWf6ENPLMRjEyQjnvE4owvAxwGnTle', 1, '2022-07-12 10:29:32', '2022-07-12 10:29:32', '2022-07-12 10:29:32'),
(74, 80, '6aejBQ8o8UR1i4kzgDnssMNVQWKz7DOp', 1, '2022-07-12 10:30:07', '2022-07-12 10:30:07', '2022-07-12 10:30:07'),
(75, 81, '45tDwEVEEJfv8GPymhpXfOn6IKVwVbYU', 1, '2022-07-12 10:31:51', '2022-07-12 10:31:51', '2022-07-12 10:31:51'),
(76, 82, 'V43s17a1WcGzYtbKEGElAIbw5BbvgutP', 1, '2022-07-12 10:32:13', '2022-07-12 10:32:13', '2022-07-12 10:32:13'),
(77, 83, 'FoBJshgDz2hcdjQfdWZvsxQ9xVHyO0PN', 1, '2022-07-12 10:33:02', '2022-07-12 10:33:02', '2022-07-12 10:33:02'),
(78, 84, 'Kcryx2SVpgCWO9eIRVEC20tt8rwdtLzX', 1, '2022-07-12 10:33:21', '2022-07-12 10:33:21', '2022-07-12 10:33:21'),
(79, 85, 'P3QkCZSL9h5EyeN5oKwuhyU2B6WPuha0', 1, '2022-07-12 10:37:14', '2022-07-12 10:37:14', '2022-07-12 10:37:14'),
(80, 86, 'MntVu3soelXojN2AkWHlUwb2Mk7VfYlg', 1, '2022-07-12 10:37:47', '2022-07-12 10:37:47', '2022-07-12 10:37:47'),
(81, 87, '7K2Tb5BC519H2cETw7wFyIY4U75o3eJM', 1, '2022-07-12 10:41:53', '2022-07-12 10:41:53', '2022-07-12 10:41:53'),
(82, 88, 'MUSbT4uKO3z1XtDrRqWQCAqchMH7bEyJ', 1, '2022-07-12 10:43:04', '2022-07-12 10:43:04', '2022-07-12 10:43:04'),
(83, 89, 'mhoLPPnI2XCxrdVDvgX8yipiCz77iE0D', 1, '2022-07-12 10:44:37', '2022-07-12 10:44:37', '2022-07-12 10:44:37'),
(84, 90, 'WM78e1aXhb8LQPddrk6bIdCUo7McV2hz', 1, '2022-07-12 10:45:39', '2022-07-12 10:45:39', '2022-07-12 10:45:39'),
(85, 91, 's1czrRNuzFGHZv7MRm4bEv5777zMEODJ', 1, '2022-07-12 10:46:03', '2022-07-12 10:46:03', '2022-07-12 10:46:03'),
(86, 92, '9yR3n1P8ctVcUnnx09BOCaOUUbI91T0F', 1, '2022-07-12 10:46:38', '2022-07-12 10:46:38', '2022-07-12 10:46:38'),
(87, 93, '3SUUMkNfoMcFSKVls7COH547hBGiCvVW', 1, '2022-07-12 10:47:13', '2022-07-12 10:47:13', '2022-07-12 10:47:13'),
(88, 94, 'DXiiDfMTYFzPmSyuWvHxAgguq1xKTS7v', 1, '2022-07-12 10:48:49', '2022-07-12 10:48:49', '2022-07-12 10:48:49'),
(89, 95, 'UFBEGdiaT7vCW0b9FNYQlnGqdMRONA0j', 1, '2022-07-12 10:50:56', '2022-07-12 10:50:56', '2022-07-12 10:50:56'),
(90, 96, 'tsfVeFrg8n3Xfu7rRZu1W6bIdJKDHTvd', 1, '2022-07-12 10:59:33', '2022-07-12 10:59:33', '2022-07-12 10:59:33'),
(91, 97, 'uq7uW3OHPgAGbY6VGqyDjDsNwnxXjSzU', 1, '2022-07-12 11:00:47', '2022-07-12 11:00:47', '2022-07-12 11:00:47'),
(92, 98, 'UMVIsAc1vjOrrfRANNg7qOtMk7gmR7pQ', 1, '2022-07-12 11:02:09', '2022-07-12 11:02:09', '2022-07-12 11:02:09'),
(93, 99, 'Q5DnTQA5n7p8nRhfMlFBHwYydS0zo9Pl', 1, '2022-07-12 11:03:15', '2022-07-12 11:03:15', '2022-07-12 11:03:15'),
(94, 100, '80UTBSZaNw6fQYuiluCHIXoN0RZZuWHa', 1, '2022-07-12 11:04:00', '2022-07-12 11:04:00', '2022-07-12 11:04:00'),
(95, 101, '0C3uicAy2Omv53KvDsla4ZEaHcu18J4a', 1, '2022-07-12 11:06:51', '2022-07-12 11:06:51', '2022-07-12 11:06:51'),
(96, 103, 'zFVWUf2QEhvxZRen6YvywZYkqLaiXkWy', 1, '2022-07-12 11:19:13', '2022-07-12 11:19:13', '2022-07-12 11:19:13'),
(97, 104, 'YNkJif1WkdzU1CMl00s4zeJawwzqAB9A', 1, '2022-07-12 11:42:16', '2022-07-12 11:42:16', '2022-07-12 11:42:16'),
(98, 105, 'yfyNPTxUVTOnYZcVOujj6aXULE0xAwqg', 1, '2022-07-12 11:43:36', '2022-07-12 11:43:36', '2022-07-12 11:43:36'),
(99, 106, 'jX5eXFeEOnX9dfvY6MQk1G47QlmcTW4g', 1, '2022-07-12 11:46:38', '2022-07-12 11:46:38', '2022-07-12 11:46:38'),
(100, 107, 'd0RpVBNPgnz8H4msnCuNE1K0yjKV0jEe', 1, '2022-07-12 11:47:09', '2022-07-12 11:47:09', '2022-07-12 11:47:09'),
(101, 108, 'u71yb9rIVXHDDuy9OnTyODPsJtZBQVsM', 1, '2022-07-12 11:48:05', '2022-07-12 11:48:05', '2022-07-12 11:48:05'),
(102, 109, '5N5Jmxs7J0D3nAjsbyI6X9xiXO8lx0cI', 1, '2022-07-12 11:48:50', '2022-07-12 11:48:50', '2022-07-12 11:48:50'),
(103, 110, 'cPVsSRljGKI3dqggHZQtm3Wl5cRwZnfE', 1, '2022-07-12 11:53:37', '2022-07-12 11:53:37', '2022-07-12 11:53:37'),
(104, 111, 'Yvxc0AAHEcojpghLytSASY4wrXohHrPS', 1, '2022-07-12 11:54:06', '2022-07-12 11:54:06', '2022-07-12 11:54:06'),
(105, 112, 'n3vbTXItovMyvKLE1P8hD8DWwwMUYM1Y', 1, '2022-07-12 11:54:57', '2022-07-12 11:54:57', '2022-07-12 11:54:57');

--
-- Déchargement des données de la table `persistences`
--

INSERT INTO `persistences` (`id`, `user_id`, `code`, `created_at`, `updated_at`) VALUES
(1, 1, '6xvPqvyVxATaJKNAL1DOjWWrQ6Hn3vkp', '2021-08-12 16:51:45', '2021-08-12 16:51:45'),
(2, 2, 'DXibzEhtkqJ6VMMKre8skbt3QLul0sol', '2021-08-12 17:33:03', '2021-08-12 17:33:03'),
(3, 2, 'JKhdtZccHSb5qisrdcTKYh1niHe71bF1', '2021-08-12 17:37:22', '2021-08-12 17:37:22'),
(4, 2, 'aYUPCn5gtAzA1ubfKGDbi8FInJvJwMMb', '2021-08-13 12:01:03', '2021-08-13 12:01:03'),
(5, 2, 'D19DU8A8RaNraUCEc6Ru6hXyVyF7iE9k', '2021-08-13 14:12:02', '2021-08-13 14:12:02'),
(7, 4, 'EPNxhJABF1wonaf4gv3i12mrDGVdqlQq', '2021-08-30 11:51:23', '2021-08-30 11:51:23'),
(8, 4, 'YWNkb7QeYktavCxkxB9gKbz0uWP5mkkc', '2021-08-30 11:51:29', '2021-08-30 11:51:29'),
(9, 4, 'eBz4i1636Z0T3Owz3eD8lxfvQcpm1f7z', '2021-08-30 11:51:35', '2021-08-30 11:51:35'),
(10, 4, '6ey7dvgMONvCVonVZZlJJg5bBpNG5SC6', '2021-08-30 11:52:12', '2021-08-30 11:52:12'),
(11, 4, 'uTagtRHG7KtEoyHshdNsJCMqarpGNzn6', '2021-08-30 11:52:24', '2021-08-30 11:52:24'),
(13, 5, 'KGiyul2jrQwYRzSrTqdBnaOTg2HoavmK', '2021-08-30 11:53:36', '2021-08-30 11:53:36'),
(21, 5, 'gsYSY9mVMPfTBjYZHApV32pOHnQenQEm', '2021-08-30 12:30:00', '2021-08-30 12:30:00'),
(26, 5, 'ex4wP4EUgXviuORCRN15aNTN4JpQMEs2', '2021-08-30 12:52:31', '2021-08-30 12:52:31'),
(27, 5, 'qeRGoZizccC6jrQ20EDSnmYyaetmU8pK', '2021-08-30 16:25:52', '2021-08-30 16:25:52'),
(29, 5, 'DFJUYgMiiRToJCRYInMsWbxiN7ExxHVP', '2021-08-30 17:19:27', '2021-08-30 17:19:27'),
(30, 5, 'ZeNX1Ow8twuDMl2ORfJF02v4msATGfjx', '2021-08-30 17:21:09', '2021-08-30 17:21:09'),
(31, 5, 'ehn5Ou9ejH1rjROPVozwT4hzNabbe986', '2021-08-30 17:26:44', '2021-08-30 17:26:44'),
(32, 5, 'EY3MTXhWgTa2UmDY2udrLG39YzyMa928', '2021-08-30 18:19:22', '2021-08-30 18:19:22'),
(36, 5, 'f5LBGV5GVQpBFKHodsk9RFnikwHRtSLY', '2021-08-31 00:32:22', '2021-08-31 00:32:22'),
(37, 5, 'TTPuMr1Z6ldfbYIRxqVQt2O9RmtLMFsH', '2021-08-31 01:13:24', '2021-08-31 01:13:24'),
(38, 5, 'ypPSOReXhqqujqamT5gd6RJB0wOzqtJ0', '2021-08-31 01:14:24', '2021-08-31 01:14:24'),
(39, 5, 'akqqHX9mUxzkTP1TReMen3VJ6wqVTyAK', '2021-08-31 01:21:20', '2021-08-31 01:21:20'),
(41, 5, 'E9JoH0X6i5E9tNvYajFPOCZd9LE3hpx7', '2021-08-31 01:21:53', '2021-08-31 01:21:53'),
(42, 5, '26OZJXPBBlfH0QCDQribTE6EEAFuGPtT', '2021-08-31 01:24:48', '2021-08-31 01:24:48'),
(43, 5, 'NBGCDAPYaRSt7KmbIjeFZ0ZHk98bkjRv', '2021-08-31 01:39:37', '2021-08-31 01:39:37'),
(45, 5, 'oQ9ga9t8kZd1PIwjwarJTJcwkxif5kyj', '2021-08-31 02:10:31', '2021-08-31 02:10:31'),
(52, 5, 'UrgnsnlguT5qi2xrtF1Ek43UkGf8IXPd', '2021-08-31 03:02:53', '2021-08-31 03:02:53'),
(53, 5, 'YkjpPiAFCPv9O2w0iTSeQjJFOccGXfS9', '2021-09-02 19:35:28', '2021-09-02 19:35:28'),
(54, 5, 'mmz3BD4lG455W9RZX1RzGLxMW6X6V1tz', '2021-09-02 19:51:20', '2021-09-02 19:51:20'),
(55, 5, '0V5z4v6nCsAd6k6DrClPPTHtcWCPs5n1', '2021-09-02 19:53:50', '2021-09-02 19:53:50'),
(56, 5, 'zEpI88GhEmOselIIeF6irJZn7HxSCt7N', '2021-09-02 19:55:45', '2021-09-02 19:55:45'),
(57, 5, 'znuamRKJDC7lu612161591AUnydcIJN9', '2021-09-02 19:56:44', '2021-09-02 19:56:44'),
(58, 5, 'fpww50S2lcX9Fyg4r2r2V7Gx88wPRQkI', '2021-09-02 20:37:11', '2021-09-02 20:37:11'),
(65, 5, 'E5ayEZ5sv8kxWz6kyhRCbM5aampuL3ts', '2021-09-03 19:00:15', '2021-09-03 19:00:15'),
(66, 5, 'Nw4KNTcaKSDovPtEPpUNwY5bWKkPEVBG', '2021-09-04 19:12:42', '2021-09-04 19:12:42'),
(67, 5, 'YVDCghr57ENzd5yqYj5gHgDRJsJC8r7n', '2021-09-04 19:45:44', '2021-09-04 19:45:44'),
(71, 5, 'oUGAJeXz0uPZvRy9G6I4NTrVZ42TbdCx', '2021-09-04 20:25:02', '2021-09-04 20:25:02'),
(77, 5, 'Q7vEWgsYskfKYKdMFwNGXhwZCT6m69pm', '2021-09-07 18:23:25', '2021-09-07 18:23:25'),
(78, 5, 'u7ASjyEOsU5rEW6oCtxxVR7eS3HrYwVX', '2021-09-09 12:38:47', '2021-09-09 12:38:47'),
(82, 5, '9My50y0V21wIw9P6ul6iuZ9wNBPM1skt', '2021-09-09 14:25:06', '2021-09-09 14:25:06'),
(94, 5, 'jtpzLNRb9WiEwfjdNu6We7AmT9dqaP3i', '2021-09-10 12:43:23', '2021-09-10 12:43:23'),
(95, 5, 'pUneYO20guXz9zNySStg58Qhyh70mAYB', '2021-09-10 13:32:23', '2021-09-10 13:32:23'),
(96, 5, 'cMNqLtTzY4UWfLQhzAEhWSNLXjhHjNg9', '2021-09-10 13:32:56', '2021-09-10 13:32:56'),
(99, 5, 'W37RTkcOAzByJpzOnF7tAJwUDsH6mDAj', '2021-09-10 13:36:20', '2021-09-10 13:36:20'),
(102, 5, 'IEiSWLpohMubknrTe207CeMFZXZJL5vK', '2021-09-10 17:57:05', '2021-09-10 17:57:05'),
(110, 7, 't3sbNgwCgt1cDj6vz8JlFh5FnoR1qrVv', '2021-09-10 19:42:05', '2021-09-10 19:42:05'),
(111, 8, 'Yf9P8jBLe0Rm6T36kEpIZKFHFlKYHFzp', '2021-09-10 19:43:09', '2021-09-10 19:43:09'),
(112, 7, 'fKuzwRamHh7RsDTaGkWza0YG59MapfYA', '2021-09-10 20:19:49', '2021-09-10 20:19:49'),
(115, 7, 'pFugtdBK6w2H4VYlfvIkx9tRkqT6Rq6E', '2021-09-10 20:28:38', '2021-09-10 20:28:38'),
(116, 7, 'A95EYRlayso6dgNzsBa8VT4u4ukhRjLW', '2021-09-10 20:30:06', '2021-09-10 20:30:06'),
(118, 8, 'XUmi6Uk4aTCJ3DhG05RFphQWJZ6emBPG', '2021-09-10 23:31:15', '2021-09-10 23:31:15'),
(119, 8, 'hOrObHbu1BGpKkrwBFoB7wuGLiOrPBEW', '2021-09-10 23:34:30', '2021-09-10 23:34:30'),
(120, 8, 'd4T5UUkHzOz9vFAY2CURKyZqikSuhSo7', '2021-09-10 23:39:22', '2021-09-10 23:39:22'),
(123, 7, 'DDugwpF9DOwyZTuVkyBkrTU2AKa9Jfmm', '2021-09-14 18:00:45', '2021-09-14 18:00:45'),
(125, 8, '1j1H3k2jnIerxJtPlqrXKnzmXZKpJsnS', '2021-09-14 18:07:56', '2021-09-14 18:07:56'),
(126, 7, 'cccw3nraet68K73nbETYTl00OreKJwgv', '2021-09-16 11:12:58', '2021-09-16 11:12:58'),
(127, 8, 'YA00lOmjaFLNXKMDtwtRYQMK3LMaIRIA', '2021-09-16 11:22:23', '2021-09-16 11:22:23'),
(128, 7, 'I82SWsv96LOPAEZx0tDHn2vxiRM4rfGC', '2021-09-16 12:30:35', '2021-09-16 12:30:35'),
(129, 7, 'o8VVG6tWjxVXcKH3gcJgd4ilbWwDbcXY', '2021-09-16 12:31:17', '2021-09-16 12:31:17'),
(130, 7, 'lKhFyaxSWigjP0RZkpPR471zlAs6Uvnp', '2021-09-16 12:34:00', '2021-09-16 12:34:00'),
(132, 8, 'hOvNEiIyRdE1doDzmFUeOeWmaHvZpbTB', '2021-09-17 15:01:45', '2021-09-17 15:01:45'),
(134, 7, 'qlXvej90FG77CtFPB3A4gdHfJo9ifU9v', '2021-09-17 15:16:48', '2021-09-17 15:16:48'),
(135, 7, '9YTxIqR2woaCwmBLyP6unVkBbdrpjvJy', '2021-09-17 15:24:24', '2021-09-17 15:24:24'),
(136, 7, 'BJcl1WpghrE4mIUeEqt4SVvuJTCjl6OG', '2021-09-17 16:22:40', '2021-09-17 16:22:40'),
(138, 7, 'XyPHzKD6p3x03BWHN0EGuqsWQMYurgwv', '2021-09-17 16:25:42', '2021-09-17 16:25:42'),
(139, 7, 'NkO5SBfRIUQymCi0tOfsCKjGb6brW6tN', '2021-09-17 16:33:14', '2021-09-17 16:33:14'),
(140, 7, 'vpLyBCDfpzYHaQkrtTFnUkEQ4hV4BXL6', '2021-09-17 16:34:52', '2021-09-17 16:34:52'),
(142, 7, 'p5p9Cdv8o9wrxIF3EcyE1y3EvlzcBifv', '2021-09-17 16:39:44', '2021-09-17 16:39:44'),
(143, 8, 'FalQHAt64SIPwmrUsmChXCncbMjwmVLy', '2021-09-20 13:03:32', '2021-09-20 13:03:32'),
(144, 8, 'mRfKcdKTnGu17rfEYHsBSjiWV3eSlRGT', '2021-09-20 13:03:32', '2021-09-20 13:03:32'),
(146, 7, 'PjbNqQ4FRxxhBzIpcDutoeivdvX6FUEX', '2021-09-20 14:53:33', '2021-09-20 14:53:33'),
(152, 8, 'fSRP0lhTkzePuKDM6zpOAjYcccLswu1f', '2021-09-20 16:25:48', '2021-09-20 16:25:48'),
(157, 8, '5kBOJyexXp7VKBesyDiqsStpngMUvAIK', '2021-09-20 19:21:42', '2021-09-20 19:21:42'),
(158, 8, 'APTHtplgp2urX7Rcu83rgILRnlKsEp4d', '2021-09-20 20:14:45', '2021-09-20 20:14:45'),
(159, 8, '2HLV5PSPkOthu2i276i26Xvf6oxkmnWw', '2021-09-20 20:14:48', '2021-09-20 20:14:48'),
(160, 8, '2fzYpVOopJ9YBQB08eUzOxRv9a8ZxTgV', '2021-09-20 23:30:17', '2021-09-20 23:30:17'),
(163, 7, '3sDXQrAjf8a91Noe34fOkovsjlfAqHHd', '2021-09-21 14:59:33', '2021-09-21 14:59:33'),
(164, 7, 'SQvFXlb6DLUPlE7FmvTNH8WX5zhVVTJT', '2021-09-21 14:59:55', '2021-09-21 14:59:55'),
(165, 7, 'IbXtEklUw4mwIo3kN5ojIiEzxD5iR7Sh', '2021-09-21 14:59:58', '2021-09-21 14:59:58'),
(166, 7, 'NiqVqpNSClFHmzq24Xncvssf2GxBhYWB', '2021-09-21 15:00:06', '2021-09-21 15:00:06'),
(167, 7, 'St6n9NWTdpmgVUaswLZDtcWIGvc96d3p', '2021-09-21 15:00:06', '2021-09-21 15:00:06'),
(168, 7, 'CfHVEmcF7jVDl1RW9E3SCpvcHIGLTnJX', '2021-09-21 15:01:25', '2021-09-21 15:01:25'),
(169, 7, 'iQlZBC8ARRC0HOfEhBcLe20rEq7mG2Rw', '2021-09-21 15:09:11', '2021-09-21 15:09:11'),
(170, 7, 'XiTuckUmMQIT4GPk2v1h0p8UZ734iuJi', '2021-09-21 16:00:21', '2021-09-21 16:00:21'),
(171, 7, 'EHU62wj3e0x4kljsYJYtdQppviTd9YMZ', '2021-09-21 16:01:43', '2021-09-21 16:01:43'),
(175, 7, 'gntSTbehHMFjZXN7OEWcNoVd0DwDYgIu', '2021-09-21 16:32:03', '2021-09-21 16:32:03'),
(178, 7, 'SVZfTHouL4hXk5Fm8qnOwrZnWIdUmS4X', '2021-09-23 19:16:31', '2021-09-23 19:16:31'),
(180, 8, 'KcViYXXJZJYBtI54N7hblph6rXyCepqT', '2021-09-23 19:45:30', '2021-09-23 19:45:30'),
(181, 8, 'JMh6x6Vy8WqJpwIlPuXRzceMXvAleeRC', '2021-09-23 20:06:40', '2021-09-23 20:06:40'),
(189, 8, 'tzSydXah0HLxWy7xcCm9sEdmWPCFWy4x', '2021-09-24 20:55:42', '2021-09-24 20:55:42'),
(193, 7, 'xPJUpfzL2I40ejm5GB0dsqqKXh8l4lHA', '2021-09-24 22:05:34', '2021-09-24 22:05:34'),
(194, 12, 'ztwoTgZnc4wIP3OxrdAF9owLVHSSy6XR', '2021-09-24 22:07:08', '2021-09-24 22:07:08'),
(195, 12, '4UQ26A1NdMtry2VDwRLW8l9IteJJcn8w', '2021-09-24 22:10:03', '2021-09-24 22:10:03'),
(196, 12, 'jSo6b68Zr443xH0SNb636OJa1EaRFCSQ', '2021-09-24 22:12:08', '2021-09-24 22:12:08'),
(200, 12, 'QTt2bLl9ZzZOtXYzNlLlbItDABIyj9O3', '2021-09-24 22:23:35', '2021-09-24 22:23:35'),
(202, 7, 'glGHFMQjGsG5IXsjqAFG4EDM6luevzMW', '2021-09-24 23:14:23', '2021-09-24 23:14:23'),
(206, 8, 'pqWKBgHUKf1TzfWyX5Lh7c022qkaMRFA', '2021-09-28 12:00:49', '2021-09-28 12:00:49'),
(207, 8, 'Y7m4y27nBARCCSUiz2gjAdptywPT65V3', '2021-09-28 12:00:51', '2021-09-28 12:00:51'),
(208, 7, 'CyUevyqA2TfeFf7X7xoa08Uav4w0gMaH', '2021-09-28 17:26:01', '2021-09-28 17:26:01'),
(209, 7, 'Yyqfy44P8b9AnoN49UAM2Ea18qJ3vlpX', '2021-09-28 17:28:11', '2021-09-28 17:28:11'),
(210, 7, 'ff7kgJqOJG250StwkEvWn1Na2QV4bjVB', '2021-09-28 17:37:45', '2021-09-28 17:37:45'),
(211, 7, 'WlSouLdtNAmFl2865DFPFMmV7N2w4mTj', '2021-09-28 19:17:05', '2021-09-28 19:17:05'),
(212, 8, 'LCCvbWHjE0wjdkoqKY3l2OxtD8Ho58Dc', '2021-09-28 19:17:24', '2021-09-28 19:17:24'),
(213, 8, 'FAxRgscAjK7ZGbm7nmKMfJTXRijzZXlQ', '2021-09-29 12:15:57', '2021-09-29 12:15:57'),
(215, 7, 'YAbbJbzpR4nZxLqPw63HhHnkkLKEj3Z7', '2021-09-29 13:25:12', '2021-09-29 13:25:12'),
(216, 7, '4qgywZtWZLzC0lR4aZ5AHT5Tztio6vAk', '2021-09-29 18:46:22', '2021-09-29 18:46:22'),
(218, 7, 'Fq1eZERy6dlzNO8htRVsIyaoC471yegc', '2021-09-30 00:51:44', '2021-09-30 00:51:44'),
(219, 7, 'tp5QCQmSVnYZQXXTZzMAsVUyzP6w4dsl', '2021-09-30 02:04:50', '2021-09-30 02:04:50'),
(221, 7, 'lSPtGLcdzgzMucPPPUQ6icNiPtgEPzHA', '2021-09-30 13:27:50', '2021-09-30 13:27:50'),
(222, 7, 't73OhtclZyF1NZwUGjcJTEIGIhX82A3F', '2021-09-30 20:09:51', '2021-09-30 20:09:51'),
(223, 7, 'Q5QqluwJVFR3yKbqzffsxZIg4AFt09LE', '2021-10-01 17:34:36', '2021-10-01 17:34:36'),
(224, 7, 'ozclvYjVlQxJJyXa2kZk23aVFvK4etd7', '2021-10-01 17:35:02', '2021-10-01 17:35:02'),
(227, 7, 'sQVlcRn0BJHUnFzI3zfdbcewflIHbgSj', '2021-10-04 12:24:57', '2021-10-04 12:24:57'),
(229, 7, 'jyKVqiO56zEzG89zzZ49JtPRms4sHExc', '2021-10-04 12:41:58', '2021-10-04 12:41:58'),
(230, 7, 'v6YuuGoL4AlmaGy3vHm2r5tKuttTeONZ', '2022-05-18 16:27:25', '2022-05-18 16:27:25'),
(232, 7, 'JKgrTvfl4W0uNlRbE8DZH80eY0ze36Nk', '2022-05-18 16:37:26', '2022-05-18 16:37:26'),
(233, 7, 'CXD53hXPd6eVAGQVWrZxG3Y4eg8fhLGs', '2022-05-18 16:46:59', '2022-05-18 16:46:59'),
(235, 7, 'gFS0aJLXG1WWJL48GPYVfv3upbDHY6dS', '2022-05-19 03:06:52', '2022-05-19 03:06:52'),
(237, 7, 'G5cFZv8xnTUOW3f4Ui93hrcxWDAU44Vd', '2022-05-19 05:04:49', '2022-05-19 05:04:49'),
(241, 7, '7l0yOtZYwI51by8ULWynUcn5ts5xVoYv', '2022-05-20 15:29:29', '2022-05-20 15:29:29'),
(244, 7, '7EtelA8Z8S5sw0qG6BIn0Qz5zZFMiLx1', '2022-06-01 09:32:31', '2022-06-01 09:32:31'),
(246, 25, 'pGSyRxJ8w8DZcK9ggLsOPcUftavyniVZ', '2022-06-01 21:24:00', '2022-06-01 21:24:00'),
(253, 7, '95wxPmj7qTUkss7RzA3J5NvxAiKxuV4q', '2022-06-02 01:28:40', '2022-06-02 01:28:40'),
(256, 7, 'AdRTHftFbefOi1IBF6gHN6g5TiWtNUpg', '2022-06-02 14:33:15', '2022-06-02 14:33:15'),
(262, 27, 'D1vajL9UAmppYa93yAQkVurPfNdQ5vkK', '2022-06-20 13:47:16', '2022-06-20 13:47:16'),
(263, 7, 'o2fVJysLSFRe47FF8tnQhUawH2Ossje1', '2022-07-12 08:42:45', '2022-07-12 08:42:45'),
(264, 7, 'IY2Qnesq4qXaJ0xaFFlnm75dpQuraMoe', '2022-07-12 10:34:25', '2022-07-12 10:34:25');

--
-- Déchargement des données de la table `role_users`
--

INSERT INTO `role_users` (`user_id`, `role_id`, `created_at`, `updated_at`) VALUES
(113, 2, '2022-06-20 11:51:21', '2022-06-20 11:51:21'),
(114, 2, '2022-07-12 08:44:25', '2022-07-12 08:44:25'),
(115, 2, '2022-07-12 08:48:52', '2022-07-12 08:48:52'),
(30, 2, '2022-07-12 08:49:55', '2022-07-12 08:49:55'),
(31, 2, '2022-07-12 08:51:37', '2022-07-12 08:51:37'),
(32, 2, '2022-07-12 08:52:18', '2022-07-12 08:52:18'),
(33, 2, '2022-07-12 08:54:49', '2022-07-12 08:54:49'),
(34, 2, '2022-07-12 08:55:54', '2022-07-12 08:55:54'),
(35, 2, '2022-07-12 08:56:31', '2022-07-12 08:56:31'),
(36, 2, '2022-07-12 08:59:44', '2022-07-12 08:59:44'),
(37, 2, '2022-07-12 09:00:27', '2022-07-12 09:00:27'),
(38, 2, '2022-07-12 09:01:35', '2022-07-12 09:01:35'),
(39, 2, '2022-07-12 09:03:29', '2022-07-12 09:03:29'),
(40, 2, '2022-07-12 09:04:40', '2022-07-12 09:04:40'),
(41, 2, '2022-07-12 09:05:40', '2022-07-12 09:05:40'),
(42, 2, '2022-07-12 09:06:28', '2022-07-12 09:06:28'),
(43, 2, '2022-07-12 09:07:58', '2022-07-12 09:07:58'),
(44, 2, '2022-07-12 09:08:42', '2022-07-12 09:08:42'),
(45, 2, '2022-07-12 09:10:01', '2022-07-12 09:10:01'),
(46, 2, '2022-07-12 09:10:48', '2022-07-12 09:10:48'),
(47, 2, '2022-07-12 09:12:00', '2022-07-12 09:12:00'),
(48, 2, '2022-07-12 09:12:52', '2022-07-12 09:12:52'),
(49, 2, '2022-07-12 09:13:37', '2022-07-12 09:13:37'),
(50, 2, '2022-07-12 09:15:01', '2022-07-12 09:15:01'),
(52, 2, '2022-07-12 09:21:44', '2022-07-12 09:21:44'),
(53, 2, '2022-07-12 09:22:51', '2022-07-12 09:22:51'),
(54, 2, '2022-07-12 09:28:29', '2022-07-12 09:28:29'),
(55, 2, '2022-07-12 09:31:25', '2022-07-12 09:31:25'),
(56, 2, '2022-07-12 09:33:47', '2022-07-12 09:33:47'),
(57, 2, '2022-07-12 09:35:15', '2022-07-12 09:35:15'),
(58, 2, '2022-07-12 09:36:36', '2022-07-12 09:36:36'),
(59, 2, '2022-07-12 09:37:43', '2022-07-12 09:37:43'),
(60, 2, '2022-07-12 10:05:12', '2022-07-12 10:05:12'),
(61, 2, '2022-07-12 10:06:04', '2022-07-12 10:06:04'),
(62, 2, '2022-07-12 10:06:55', '2022-07-12 10:06:55'),
(63, 2, '2022-07-12 10:07:53', '2022-07-12 10:07:53'),
(64, 2, '2022-07-12 10:13:47', '2022-07-12 10:13:47'),
(65, 2, '2022-07-12 10:14:58', '2022-07-12 10:14:58'),
(66, 2, '2022-07-12 10:16:12', '2022-07-12 10:16:12'),
(67, 2, '2022-07-12 10:17:10', '2022-07-12 10:17:10'),
(68, 2, '2022-07-12 10:17:49', '2022-07-12 10:17:49'),
(70, 2, '2022-07-12 10:21:08', '2022-07-12 10:21:08'),
(71, 2, '2022-07-12 10:21:49', '2022-07-12 10:21:49'),
(72, 2, '2022-07-12 10:22:30', '2022-07-12 10:22:30'),
(73, 2, '2022-07-12 10:25:17', '2022-07-12 10:25:17'),
(74, 2, '2022-07-12 10:25:54', '2022-07-12 10:25:54'),
(75, 2, '2022-07-12 10:26:28', '2022-07-12 10:26:28'),
(76, 2, '2022-07-12 10:26:56', '2022-07-12 10:26:56'),
(77, 2, '2022-07-12 10:28:03', '2022-07-12 10:28:03'),
(78, 2, '2022-07-12 10:28:41', '2022-07-12 10:28:41'),
(79, 2, '2022-07-12 10:29:32', '2022-07-12 10:29:32'),
(80, 2, '2022-07-12 10:30:07', '2022-07-12 10:30:07'),
(81, 2, '2022-07-12 10:31:51', '2022-07-12 10:31:51'),
(82, 2, '2022-07-12 10:32:13', '2022-07-12 10:32:13'),
(83, 2, '2022-07-12 10:33:02', '2022-07-12 10:33:02'),
(84, 2, '2022-07-12 10:33:21', '2022-07-12 10:33:21'),
(85, 2, '2022-07-12 10:37:14', '2022-07-12 10:37:14'),
(86, 2, '2022-07-12 10:37:47', '2022-07-12 10:37:47'),
(87, 2, '2022-07-12 10:41:53', '2022-07-12 10:41:53'),
(88, 2, '2022-07-12 10:43:04', '2022-07-12 10:43:04'),
(89, 2, '2022-07-12 10:44:37', '2022-07-12 10:44:37'),
(90, 2, '2022-07-12 10:45:39', '2022-07-12 10:45:39'),
(91, 2, '2022-07-12 10:46:03', '2022-07-12 10:46:03'),
(92, 2, '2022-07-12 10:46:38', '2022-07-12 10:46:38'),
(93, 2, '2022-07-12 10:47:13', '2022-07-12 10:47:13'),
(94, 2, '2022-07-12 10:48:49', '2022-07-12 10:48:49'),
(95, 2, '2022-07-12 10:50:56', '2022-07-12 10:50:56'),
(96, 2, '2022-07-12 10:59:33', '2022-07-12 10:59:33'),
(97, 2, '2022-07-12 11:00:47', '2022-07-12 11:00:47'),
(98, 2, '2022-07-12 11:02:09', '2022-07-12 11:02:09'),
(99, 2, '2022-07-12 11:03:15', '2022-07-12 11:03:15'),
(100, 2, '2022-07-12 11:04:00', '2022-07-12 11:04:00'),
(101, 2, '2022-07-12 11:06:51', '2022-07-12 11:06:51'),
(103, 2, '2022-07-12 11:19:13', '2022-07-12 11:19:13'),
(104, 2, '2022-07-12 11:42:16', '2022-07-12 11:42:16'),
(105, 2, '2022-07-12 11:43:36', '2022-07-12 11:43:36'),
(106, 2, '2022-07-12 11:46:38', '2022-07-12 11:46:38'),
(107, 2, '2022-07-12 11:47:09', '2022-07-12 11:47:09'),
(108, 2, '2022-07-12 11:48:05', '2022-07-12 11:48:05'),
(109, 2, '2022-07-12 11:48:50', '2022-07-12 11:48:50'),
(110, 2, '2022-07-12 11:53:37', '2022-07-12 11:53:37'),
(111, 2, '2022-07-12 11:54:06', '2022-07-12 11:54:06'),
(112, 2, '2022-07-12 11:54:57', '2022-07-12 11:54:57');

--
-- Déchargement des données de la table `users`
--

INSERT INTO `users` (`id`, `email`, `password`, `das`, `permissions`, `last_login`, `prenom`, `nom`, `pole`, `projet`, `jour`, `created_at`, `updated_at`) VALUES
(114, 'moustapha.fall@atos.net', '$2y$10$58aqPc1tSQD1HImijyjKduKmnsJzFFtsetPsaHGBF2rxF3QVzDTwa', 'A726078', NULL, NULL, 'Moustapha', 'FALL', 'DBS', 'NSBF TMA', '', '2022-07-12 08:44:25', '2022-07-12 08:44:25'),
(115, 'abdoul-aziz.wade@atos.net', '$2y$10$8.8v3PkAVfFVloA6isCec.r0iiZbw1yOPL1z.I7UPUbKekcgjQbL.', 'A735179', NULL, NULL, 'Abdoul Aziz', 'WADE', 'SCC', 'Fortis', '', '2022-07-12 08:48:52', '2022-07-12 08:48:52'),
(30, 'boudy.diop@atos.net', '$2y$10$QJs5iaNhd8ZTNUcjt4CTxuXJe8WXyW4OdTZdTHIsuNiqAwc3Vw5qq', 'A737816', NULL, NULL, 'Boudy', 'DIOP', 'DMC', 'STAM Produit', '2', '2022-07-12 08:49:55', '2022-07-12 08:49:55'),
(31, 'assiou-tchilabalo.karabou@atos.net', '$2y$10$VERool.uL6REw9bWN2SZfuC4Kf.qjpdisQp724GXBqcQwacqwvQX.', 'A737813', NULL, NULL, 'Assiou Tchilabalo', 'KARABOU', 'SCC', 'CONTACT PRODUIT', '2', '2022-07-12 08:51:37', '2022-07-12 08:51:37'),
(32, 'mariama.lo@atos.net', '$2y$10$oIm49xd0c/XGbA2FSisPEe59q7DtkCQSs19d3hnGmVPG7I.TnHeFe', 'A695459', NULL, NULL, 'Mariama', 'LO', 'SCC', 'BNL SVI', '2', '2022-07-12 08:52:18', '2022-07-12 08:52:18'),
(33, 'amadou.guisse@atos.net', '$2y$10$8PYDJva7qrbuzfrBFLmsOOzjtlWB2NF3z8o6zxeFwTzoqPMpx7ziG', 'A707586', NULL, NULL, 'Amadou', 'GUISSE', 'BTN', 'i-milo', '2', '2022-07-12 08:54:49', '2022-07-12 08:54:49'),
(34, 'ousmane.ndione@atos.net', '$2y$10$DkDKLePaDqngZeBEZ3sjq.Ezx3DsW7DpAS9USjSFI7bUUFz9fysYO', 'A744975', NULL, NULL, 'Ousmane', 'NDIONE', 'eTTEP', 'Messagerie (WL Mail & Drive)', '2', '2022-07-12 08:55:54', '2022-07-12 08:55:54'),
(35, 'mouhamed.seck@atos.net', '$2y$10$o1OajPlAGb2YoLEtzn5AneiExzBPinvYbiDVaeXN48xmgDEIc7DrO', 'A746053', NULL, NULL, 'Mouhamed', 'SECK', 'eTTEP', 'Pool de compétences Mobile', '2', '2022-07-12 08:56:31', '2022-07-12 08:56:31'),
(36, 'marie.sakho@atos.net', '$2y$10$i7s4uSNm3FUOko3PuRM57.SqLHwpz.BU6DhsfpqSPKS6Osp1gw5pm', 'A704655', NULL, NULL, 'Marie', 'SAKHO', 'BTN', 'BTN-Steering', '2', '2022-07-12 08:59:44', '2022-07-12 08:59:44'),
(37, 'lacina.diane@atos.net', '$2y$10$y93zaexH8DhGTtNWKL3jeuinPuOeHhr6r/s3kJKlre65frOsPkJQe', 'A803141', NULL, NULL, 'Lacina', 'DIANE', 'BTN', 'CNSA', '2', '2022-07-12 09:00:27', '2022-07-12 09:00:27'),
(38, 'ndene.sene@atos.net', '$2y$10$7CbCbTgAP0txcWUHSPU8i.GyFvxks6dutHWrcK/nNlcQn3d6AMCRW', 'A804156', NULL, NULL, 'Ndene', 'SENE', 'BTN', 'CNSA', '2', '2022-07-12 09:01:35', '2022-07-12 09:01:35'),
(39, 'aminata.ngom@atos.net', '$2y$10$M5lDxU5t.BfhTKgUM9yiAOwpQNlr8mVsXTo65MUyrKFt1mQz3R0dy', 'A817679', NULL, NULL, 'Aminata', 'NGOM', 'BTN', 'i-milo', '2', '2022-07-12 09:03:29', '2022-07-12 09:03:29'),
(40, 'ndeye-rokhaya.samb@atos.net', '$2y$10$21uEKXgLt4hhWC9bU4XTQORhFowKtlUFppQM8lMJ7DL1rvJH9CsXe', 'A816165', NULL, NULL, 'Ndeye Rokhaya', 'SAMB ', 'BTN', 'CNSA', '2', '2022-07-12 09:04:40', '2022-07-12 09:04:40'),
(41, 'sory-ibrahima.dansokho@atos.net', '$2y$10$CDb5j9ITYDfc4rd7vQTOm.ZM93RYTUTt0Mohs/GG1Z9/B5EM7Soq.', 'A818952', NULL, NULL, 'Sory Ibrahima', 'DANSOKHO', 'BTN', 'CNSA', '2', '2022-07-12 09:05:40', '2022-07-12 09:05:40'),
(42, 'amadou.kane@atos.net', '$2y$10$3Pq4l0x54Vzl.rGRHbeL0.mmxjAocUpz.PxJ2BOV7c2U909VL9dCm', 'A843195', NULL, NULL, 'Amadou', 'KANE', 'BTN', 'i-milo', '2', '2022-07-12 09:06:28', '2022-07-12 09:06:28'),
(43, 'moustapha.kebe@atos.net', '$2y$10$VM2A0UdDr3QcTytjgPkhZ.GBvpNEiwoh1a.dHvknRlXdde89RBxOi', 'A852277', NULL, NULL, 'Moustapha', 'KEBE', 'BTN', 'i-milo', '2', '2022-07-12 09:07:58', '2022-07-12 09:07:58'),
(44, 'mamadou-moustapha.diongue@atos.net', '$2y$10$nOAL.G5oDnI3377VZOMWgeRdZ8ko9LUBgwzeiLIszUH4BjTr657fq', 'A854080', NULL, NULL, 'Mamadou Moustapha', 'DIONGUE', 'BTN', 'i-milo', '2', '2022-07-12 09:08:42', '2022-07-12 09:08:42'),
(45, 'cherif.2.diouf.external@atos.net', '$2y$10$vdoifytts.EdSU3aQNF9f.9DghLxt9HHvTuW5A8jgR0aSN/5/wbgO', 'A860864', NULL, NULL, 'Cherif', 'DIOUF', 'BTN', 'i-milo', '2', '2022-07-12 09:10:01', '2022-07-12 09:10:01'),
(46, 'mamour-ousmane.fall@atos.net', '$2y$10$JjDNBuOkEN9APuG/xSjpWeOqStUwzQxLduhhKlP1pfbypIsfB8NoG', 'A866580', NULL, NULL, 'Mamour Ousmane', 'FALL', 'BTN', 'i-milo', '2', '2022-07-12 09:10:48', '2022-07-12 09:10:48'),
(47, 'eric.kabore@atos.net', '$2y$10$PZWb9MFpqcMMmBdpvcqFbeeNoha6Vy13Ik1mJo7KQYcqNd0tVx06C', 'A806263', NULL, NULL, 'Eric', 'KABORE', 'CCQA', 'CCQA', '2', '2022-07-12 09:12:00', '2022-07-12 09:12:00'),
(48, 'fallou.tine@atos.net', '$2y$10$uvr0f.8uTCO9eoUUxrzGNOLggjDvh.fhPsoRsKnBuBG7PL7gNSvtW', 'A810888', NULL, NULL, 'Fallou', 'TINE', 'CCQA', 'CCQA', '2', '2022-07-12 09:12:52', '2022-07-12 09:12:52'),
(49, 'fatou-mbow.dioum@atos.net', '$2y$10$66TK7MjAbpcxLjF287eOGegQFmEkxlI69nXwffLU0fUtfelTMD40a', 'A815316', NULL, NULL, 'Fatou Mbow', 'DIOUM', 'CCQA', 'CCQA', '2', '2022-07-12 09:13:37', '2022-07-12 09:13:37'),
(50, 'severin-flaubert.dzomoussadoho@atos.net', '$2y$10$WObMtqgXw7X90sZGiaMEZu/CXViMv9ZIi05mGDgxlpVEYLSdNwCFe', 'A843196', NULL, NULL, 'Severin Flaubert', 'DZOMOUSSA DOHO', 'CCQA', 'CCQA', '2', '2022-07-12 09:15:01', '2022-07-12 09:15:01'),
(52, 'david.manama@atos.net', '$2y$10$nWt6u2HI1HCyCsKY63PXmuBcDdcJa/6dI80K2cMac4dPxHuypYphy', 'A748005', NULL, NULL, 'David Sekalyongo', 'MANAMA ', 'DBS', 'NSBF', '2', '2022-07-12 09:21:44', '2022-07-12 09:21:44'),
(53, 'fatou.coulibaly@atos.net', '$2y$10$Onu3tsEyEr7EvRB16IycsuuSki7oyXNEDWysgCeFv.6UnyX.ulLRy', 'A757129', NULL, NULL, 'Fatou ', 'COULIBALY', 'DBS', 'NSBF TMA', '2', '2022-07-12 09:22:51', '2022-07-12 09:22:51'),
(54, 'lena.faye@atos.net', '$2y$10$8f5x5uVtdcieRQSCppbiYuAwLp93iFJJz/pdymeTslCBjuiSgnjiu', 'A810367', NULL, NULL, 'Lena', 'FAYE', 'DBS', 'NSBF', '2', '2022-07-12 09:28:29', '2022-07-12 09:28:29'),
(55, 'ass-meissa.niang@atos.net', '$2y$10$79RSo2h0aIKWB9PPKg0gPeXy4EelBFx0eLGkUb8CtHIGrWQU25qJu', 'A810343', NULL, NULL, 'Ass Meissa', 'NIANG', 'DBS', 'NSBF IHM Agent', '2', '2022-07-12 09:31:25', '2022-07-12 09:31:25'),
(56, 'anzoumana.sanogo@atos.net', '$2y$10$xmreE.1gsyfROr1TU9hRbuxEVtORT.f9tHjbktys9CMYXY6fUsWMG', 'A825114', NULL, NULL, 'Anzoumana', 'SANOGO', 'DBS', 'NSBF IHM BO', '2', '2022-07-12 09:33:47', '2022-07-12 09:33:47'),
(57, 'mame-fatou-toure.mbaye@atos.net', '$2y$10$feFD47Cdj0tQj69cem9XAeFUw.xSR99JE5LROMdm1jFhh6W9z7H/C', 'A822095', NULL, NULL, 'Mame Fatou Touré', 'MBAYE', 'DBS', 'NSBF', '2', '2022-07-12 09:35:15', '2022-07-12 09:35:15'),
(58, 'mongazi-kelvin.biao@atos.net', '$2y$10$LFSQvfDk8JyCVr1rA72vCuU.UU.VQt/oyFjQvHXjAe4gXmmLKQg3e', 'A837502', NULL, NULL, 'Mongazi Kelvin', 'BIAO', 'DBS', 'NSBF TMA', '2', '2022-07-12 09:36:35', '2022-07-12 09:36:35'),
(59, 'dagbegnon-marius.sodjinou@atos.net', '$2y$10$Ozfqzm7aovUX1otYBc7Fy.FEFrlq.r/BZHmO6Yn.7fO.5gWHYMOya', 'A832804', NULL, NULL, 'Dagbegnon Marius', 'SODJINOU', 'DBS', 'NSBF IHM Agent', '2', '2022-07-12 09:37:43', '2022-07-12 09:37:43'),
(60, 'abou-mamoudou.thiam@atos.net', '$2y$10$n2D/9g.r7ZHtcISWC1UjSeSY90bc5gDyiMCAO9f4H3WsKvVEGXV2.', 'A847674', NULL, NULL, 'Abou Mamoudou', 'THIAM', 'DBS', 'NSBF TMA', '2', '2022-07-12 10:05:12', '2022-07-12 10:05:12'),
(61, 'serigne-modou-awa-balla.mbacke@atos.net', '$2y$10$SaR27gynYpIbXGdHgmhTTO5POIyni5SwcNvbz1qPxaScd/gJtn8mS', 'A847479', NULL, NULL, 'Serigne Modou Awa Balla', 'MBACKE', 'DBS', 'NSBF IHM Agent', '2', '2022-07-12 10:06:04', '2022-07-12 10:06:04'),
(62, 'nogaye.mbengue@atos.net', '$2y$10$HMzH2KgUS0sE1rxWs040EuTmBXOS9fVqTnyWxXoPL9Yf1OOIlPxsu', 'A853584', NULL, NULL, 'Nogaye', 'MBENGUE', 'DBS', 'NSBF', '2', '2022-07-12 10:06:55', '2022-07-12 10:06:55'),
(63, 'abdoulaye.diagne@atos.net', '$2y$10$MGRMQDdo/QmV8fQVPotUWeXXo29tyC0wGhmzoy7JksPgE0vdiClpO', 'A858646', NULL, NULL, 'Abdoulaye', 'DIAGNE', 'DBS', 'NSBF IHM Agent', '2', '2022-07-12 10:07:53', '2022-07-12 10:07:53'),
(64, 'aliou.thiema@atos.net', '$2y$10$YxevVRAetsRr2Noe5oHunOgRa22SNku9tobFX2C3lg/isvFHgutWa', 'A859740', NULL, NULL, 'Aliou', 'THIEMA', 'DBS', 'NSBF TMA', '2', '2022-07-12 10:13:47', '2022-07-12 10:13:47'),
(65, 'philippe.nguemtchueng@atos.net', '$2y$10$0qgI/51VEL80UH7KMPTCgePUKfyvKrbCHOJtfktE4PsP42d.B8X9C', 'A870896', NULL, NULL, 'Philippe', 'NGUEMTCHUENG', 'DBS', 'NSBF IHM Agent', '2', '2022-07-12 10:14:58', '2022-07-12 10:14:58'),
(66, 'ida.gnintoungbe@atos.net', '$2y$10$KTEpPJXTzNRdVEfFx.8Bz.yrS8GU/Ux11qaKh4NDpRhROceJOSCEa', 'A623073', NULL, NULL, 'Ida', 'GNINTOUNGBE', 'DDP', 'PPE / PFOR', '2', '2022-07-12 10:16:12', '2022-07-12 10:16:12'),
(67, 'juston-destael.jeankouka@atos.net', '$2y$10$kEJy0yx2V6aT.WCmmwePCOipTr.Ns/dIO7XtdrnZXIu1T38RkNFBK', 'A707584', NULL, NULL, 'Juston-Destael ', 'JEAN-KOUKA', 'DDP', 'PPE / PFOR', '2', '2022-07-12 10:17:10', '2022-07-12 10:17:10'),
(68, 'maimouna-tamah.diao@atos.net', '$2y$10$Xf8oQHGnYsMJeBojreunOOLQCh6zG.FRiOXvdd3Uc/FPzJ8zGuqAi', 'A784297', NULL, NULL, 'Maimouna Tamah', 'DIAO', 'DDP', 'PPE / PFOR', '2', '2022-07-12 10:17:49', '2022-07-12 10:17:49'),
(70, 'dieynaba.samb@atos.net ', '$2y$10$EswqYTuVepSmRvw29eVj8OwtmfO4AD0r4qbi5Fhr6NezTeBqOVTUG', 'A756502', NULL, NULL, 'Dieynaba', 'SAMB', 'DMC', 'STAM Produit', '2', '2022-07-12 10:21:08', '2022-07-12 10:21:08'),
(71, 'mouhamadou.seye@atos.net', '$2y$10$yM237fSnBjubOUfyk09L1OTlh9/Rsd9wkfgUiAy/nAx5X0nV2PZ1q', 'A726167', NULL, NULL, 'Mouhamadou', 'SEYE', 'DMC', 'STAM Produit', '2', '2022-07-12 10:21:49', '2022-07-12 10:21:49'),
(72, 'moumy.ba@atos.net', '$2y$10$F2F5VDSZKNW6.zBYKfw/MeFQ4qUC8qDTOge.Cllu1tV.3Co8Xo1nG', 'A626260', NULL, NULL, 'Moumy', 'BA', 'DMC', 'Multi tenant STAM', '2', '2022-07-12 10:22:30', '2022-07-12 10:22:30'),
(73, 'fatma.fall@atos.net', '$2y$10$eZ2h7m3DqqRldGiaxxf3kO6E8m76LYBHNC8V6PaWULCK.9vG7Fr3m', 'A460164', NULL, NULL, 'Fatma', 'FALL', 'DMC', 'STAM Produit', '2', '2022-07-12 10:25:17', '2022-07-12 10:25:17'),
(74, 'mohamet.fall@atos.net', '$2y$10$VBgQa2Ji7Ws7jIyzVXNK7.tGHZzyYI7e55UB2gGxZTHrVZZVJ2Zc2', 'A814533', NULL, NULL, 'Mohamet ', 'FALL', 'DMC', 'Multi tenant STAM', '2', '2022-07-12 10:25:54', '2022-07-12 10:25:54'),
(75, 'peinda.fall@atos.net', '$2y$10$R90KS8RR42NijpP3w5mc0Or9on7EuDEE24IfDwfYmMv8AkmIPegEi', 'A813288', NULL, NULL, 'Peinda', 'FALL', 'DMC', 'STAM Produit', '2', '2022-07-12 10:26:28', '2022-07-12 10:26:28'),
(76, 'cheikh-tidiane.sall@atos.net', '$2y$10$m5hEmqvlAXxnuJr1gj6t.OrhwjaLydPsaTDeiy7IqU3U8zGqmtrbC', 'A838582', NULL, NULL, 'Cheikh Tidiane', 'SALL', 'DMC', 'Multi tenant STAM', '2', '2022-07-12 10:26:56', '2022-07-12 10:26:56'),
(77, 'adji-anta.dabo@atos.net', '$2y$10$NpU9E5GcxM7boEmdPijacOqRMQEp6PUDoopj2tjxIEkwI2pLcTnXO', 'A818938', NULL, NULL, 'Adji Anta', 'DABO', 'DMC', 'STAM Produit', '2', '2022-07-12 10:28:03', '2022-07-12 10:28:03'),
(78, 'pape-malick.ba@atos.net', '$2y$10$Niy4xZjqmVi0/bMYCfl2DeLP777iAzWacic8RKZ0lSzv4dcy/UOE.', 'A839151', NULL, NULL, 'Pape Malick', 'BA', 'DMC', 'STAM Produit', '2', '2022-07-12 10:28:41', '2022-07-12 10:28:41'),
(79, 'cheikh-ahmadou-bamba.deme@atos.net', '$2y$10$oUm54tcyaSa8JyWTirymSeIgjZbtVCGlXfzu64j95Bs2Y8yIgWapu', 'A861792', NULL, NULL, 'Cheikh Ahmadou Bamba', 'DEME', 'DMC', 'STAM Produit', '2', '2022-07-12 10:29:32', '2022-07-12 10:29:32'),
(80, 'mouthar.diop@atos.net', '$2y$10$UG8mvMcbblzqRkmzzF5ne.PxYxHbMR7arxePT31JWjVRnnOLGDZda', 'A623905', NULL, NULL, 'Mouthar', 'DIOP', 'DMC', 'STAM Produit', '2', '2022-07-12 10:30:07', '2022-07-12 10:30:07'),
(81, 'oumar.wade@atos.net', '$2y$10$UlV0Gi4Ih4GyhPAviKsO3ORPcYv9D2s9pRlby04nrJKtfTPfMDqv2', 'A861807', NULL, NULL, 'Oumar', 'WADE', 'DMC', 'Multi tenant STAM', '2', '2022-07-12 10:31:51', '2022-07-12 10:31:51'),
(82, 'demba.fall@atos.net', '$2y$10$MfuyQ6FDFOYW4tokJpZyy.losEylxAdEaSD0vZ9ciOMzCrEjGrHBa', 'A866575', NULL, NULL, 'Demba', 'FALL', 'DMC', 'Multi tenant STAM', '2', '2022-07-12 10:32:13', '2022-07-12 10:32:13'),
(83, 'aremou.adjado@atos.net', '$2y$10$FlmZdAOPDWp6EkctA492iuGbDa64FCUyQiqygUOkplOV3GEx5vB3S', 'A868502', NULL, NULL, 'Aremou', 'ADJADO', 'DMC', 'Multi tenant STAM', '2', '2022-07-12 10:33:02', '2022-07-12 10:33:02'),
(84, 'sunday.oyeniyi@atos.net', '$2y$10$yO4v6sjiJMw2WADlO1GZieE6PR5htK.zRK6wC7N9UtFyw4TukjjoC', 'A866576', NULL, NULL, 'Sunday', 'OYENIYI', 'DMC', 'Multi tenant STAM', '2', '2022-07-12 10:33:21', '2022-07-12 10:33:21'),
(85, 'adji-khardiata.ndiaye@atos.net', '$2y$10$BAEPjWii5sb1fxN7PPxnLeaa4TNAlW9yTvjU.JN8yyCmuB25C3Cr6', 'A697000', NULL, NULL, 'Adji Khardiata', 'NDIAYE', 'eTTEP\r\n', 'Messagerie (WL Mail & Drive)', '2', '2022-07-12 10:37:14', '2022-07-12 10:37:14'),
(86, 'rokhaya.diop@atos.net', '$2y$10$GdqFNjY5gTtlHBG81yOGu.jMiDSBvRhG9kKPzMAInSfeHXdOwa7ze', 'A626258', NULL, NULL, 'Rokhaya', 'DIOP', 'eTTEP\r\n', 'Messagerie (WL Mail & Drive)', '2', '2022-07-12 10:37:47', '2022-07-12 10:37:47'),
(87, 'maguette-ndickou.ndiaye@atos.net', '$2y$10$u4AIuPKIOyMteSWQFwqCc.AntG0NV85mXrT6iywRTrDiXVZJd6pIK', 'A789713', NULL, NULL, 'Maguette Ndickou', 'NDIAYE', 'eTTEP', 'Messagerie (WL Mail & Drive)', '2', '2022-07-12 10:41:53', '2022-07-12 10:41:53'),
(88, 'sidibe.souleymane@atos.net', '$2y$10$2qveO66JRlEYISvFrovhD.sS/jfdSMGXodyZgaFAumvWTTgG9/Wry', 'A791347', NULL, NULL, 'Souleymane', 'SIDIBE', 'eTTEP', 'Messagerie (WL Mail & Drive)', '2', '2022-07-12 10:43:04', '2022-07-12 10:43:04'),
(89, 'yamadou.traore@atos.net', '$2y$10$q8uYv77PGCmPQdlvUA6hCefErR2BsuYJKc81VPF/uBQTVFGEyZnES', 'A832800', NULL, NULL, 'Yamadou', 'TRAORE', 'eTTEP', 'Pool de compétences Mobile', '2', '2022-07-12 10:44:37', '2022-07-12 10:44:37'),
(90, 'adede-tama.keita@atos.net', '$2y$10$mCDCsXg5HArWr3xL0mrBye3WHgbDHAsXd5kuuhBRXEdRLvzN13Cba', 'A621267', NULL, NULL, 'Adede Tama', 'KEITA', 'eTTEP', 'GAR-RENATER', '2', '2022-07-12 10:45:39', '2022-07-12 10:45:39'),
(91, 'cheikh-hassan.cisse@atos.net', '$2y$10$u0Rv6O8K1LTeiPtOt/0m2u.5FqiaEVRpiPY/d.KvazC1JDVDWlaEG', 'A809073', NULL, NULL, 'Cheikh Hassan', 'CISSE', 'eTTEP', 'GAR-RENATER', '2', '2022-07-12 10:46:03', '2022-07-12 10:46:03'),
(92, 'ibou.ndiaye@atos.net', '$2y$10$8P03fWeJiT7lqWagt0sZO.T0Bg6jYhmSobSjN5z1BaV7IeYthirqK', 'A809061', NULL, NULL, 'Ibou', 'NDIAYE', 'eTTEP', 'GAR-RENATER', '2', '2022-07-12 10:46:38', '2022-07-12 10:46:38'),
(93, 'babacar.faye@atos.net', '$2y$10$k7dLtV6gmXJen5Gr3oxxe.9HISy7dWh4ZGuspunPXxFBdJYqs9ggS', 'A845967', NULL, NULL, 'Babacar', 'FAYE', 'eTTEP', 'GAR-RENATER', '2', '2022-07-12 10:47:13', '2022-07-12 10:47:13'),
(94, 'amadou.2.sall@atos.net', '$2y$10$jGXutSVTHDZp5KSlFv3Zheu.ODsFnxr8xKjV0PtlIv8hpG055P7Fu', 'A872899', NULL, NULL, 'Amadou', 'SALL', 'eTTEP', 'GAR-RENATER', '2', '2022-07-12 10:48:49', '2022-07-12 10:48:49'),
(95, 'ndoffene.diagne@atos.net', '$2y$10$oRIeOfqMS248.93K8d9zX.RUBbtg.Cnk1DbvQu0t22l6wtXL/4qAK', 'A751034', NULL, NULL, 'Ndoffene', 'DIAGNE', 'eTTEP/DBS/DMC', 'DMC/DBS/ETTEP-Steering', '2', '2022-07-12 10:50:56', '2022-07-12 10:50:56'),
(97, 'ousmane.gning@atos.net', '$2y$10$RRjiRbMKjGoTOxmSEzi.Vu0iHcZ9gTBaZlKgCLr2E4zH4ZTc2QtB.', 'A798078', NULL, NULL, 'Ousmane', 'GNING', 'SCC', 'CONTACT PRODUIT', '2', '2022-07-12 11:00:47', '2022-07-12 11:00:47'),
(98, 'ndeye-marieme.koundoul@atos.net', '$2y$10$wQu3lMEobCeKzg2gK0X3muzNjOq.Pinz0hmp/5pG1I5ygM840U2UK', 'A799131', NULL, NULL, 'Ndeye-Marieme', 'KOUNDOUL', 'SCC', 'Transverse SCC', '2', '2022-07-12 11:02:09', '2022-07-12 11:02:09'),
(99, 'fatoumata-binta.bah@atos.net', '$2y$10$0fbZGz478xqx7Wcdz4PcOu5Ub/tJgOLuDFoK1gC0Cz1uyprLlF5Rm', 'A784295', NULL, NULL, 'Fatoumata Binta', 'BAH', 'SCC', 'CONTACT PRODUIT', '2', '2022-07-12 11:03:15', '2022-07-12 11:03:15'),
(100, 'abdou-kader.thiam@atos.net', '$2y$10$Rc6IVqnS3KrWkllYHgeUWOXjf00/cXuh5TbM7u0/PujJNnGsdrjeG', 'A810351', NULL, NULL, 'Abdou Kader', 'THIAM', 'SCC', 'CONTACT PRODUIT', '2', '2022-07-12 11:04:00', '2022-07-12 11:04:00'),
(101, 'ali-zakari.chama@atos.net', '$2y$10$Yi5kyqPGz.vJELP.44tjc.pZ80TCAfHproe5vfRauXyMszGSZgVW2', 'A822100', NULL, NULL, 'ALI Zakari', 'CHAMA', 'SCC', 'CONTACT PRODUIT', '2', '2022-07-12 11:06:51', '2022-07-12 11:06:51'),
(103, 'fama.gueye@atos.net', '$2y$10$gIcbC.gaUW7UJ2Xy22f4NOK4wpnqxDlc5NdJOJzXgTHbx2D/01mkq', 'A825118', NULL, NULL, 'Fama', 'GUEYE', 'SCC', 'CONTACT PRODUIT', '2', '2022-07-12 11:19:13', '2022-07-12 11:19:13'),
(104, 'mouhamadou-mansour-sy.samb@atos.net', '$2y$10$OZNhmRulO6Bm4NgEnH1N9ug2QSzdwxWYb8H.TYGQ1HW0eTIDdxoVq', 'A847259', NULL, NULL, 'Sy Mouhamadou Mansour', 'SAMB', 'SCC', 'BNPP-Fortis', '2', '2022-07-12 11:42:16', '2022-07-12 11:42:16'),
(105, 'armel-evelyn.jondongamga@atos.net', '$2y$10$Y8q8cj95A1J8qvLrw86nJubgUrNuVC.FVAaWqteI8u5xpGy3YxBWe', 'A857218', NULL, NULL, 'Armel Evelyn', 'JONDO NGAMGA', 'SCC', 'CONTACT PRODUIT', '2', '2022-07-12 11:43:36', '2022-07-12 11:43:36'),
(106, 'mohamet.2.fall@atos.net', '$2y$10$ff2IJapfCXcYpAPpyOw34ugRBwDkPm.q8CJNTPHIFOR6huaFLqqKa', 'A858548', NULL, NULL, 'Mohamet 2', 'FALL', 'SCC', 'Freya / BNL', '2', '2022-07-12 11:46:38', '2022-07-12 11:46:38'),
(107, 'papa-sana.badiane@atos.net', '$2y$10$hNmWkMEFuWNl/vzKVVVGr.htxDTT7Pu.TIZM2saoWT/4JuKIV2oP6', 'A859884', NULL, NULL, 'Papa Sana ', 'BADIANE', 'SCC', 'CONTACT PRODUIT', '2', '2022-07-12 11:47:09', '2022-07-12 11:47:09'),
(108, 'souleymane.mbaye@atos.net', '$2y$10$N5pwFmlcL/Y7FCMhDcwIu.ErP444r4fqe8ocDXtieTGviFtlWz3hq', 'A865052', NULL, NULL, 'Souleymane', 'MBAYE', 'SCC', 'CONTACT PRODUIT', '2', '2022-07-12 11:48:05', '2022-07-12 11:48:05'),
(109, 'djibril.ndiaye.external@atos.net', '$2y$10$MEqZH9nNq0I3q4pxt0ouxe2aMJyxGjmDqTOewWZvxaB6kutMi0DHK', 'A866582', NULL, NULL, 'Djibril', 'NDIAYE', 'SCC', 'CONTACT PRODUIT', '2', '2022-07-12 11:48:50', '2022-07-12 11:48:50'),
(110, 'moussa.diatta@atos.net', '$2y$10$ywpGA69PrnL.HWm.jY2Vk.TGsyF5/OcrvfiYgYAkLKqawp/TJLLTi', 'A866954', NULL, NULL, 'Moussa', 'DIATTA', 'SCC', 'CONTACT PRODUIT', '2', '2022-07-12 11:53:37', '2022-07-12 11:53:37'),
(111, 'affeyssouck.diatta@atos.net', '$2y$10$urtqTG.l4jc/oL3a2QzzSuxXvJLCXvMlxJ6rv0Yy/ps5l..hGhlza', 'A866577', NULL, NULL, 'Affeyssouck', 'DIATTA', 'SCC', 'CONTACT PRODUIT', '2', '2022-07-12 11:54:06', '2022-07-12 11:54:06'),
(112, 'mouhamadoul-moustapha.diankha@atos.net', '$2y$10$XNTq5GSBasZDs7hmzh1kz.iNOtGm3v074WJYWFy8Y8WBdAEPN/4ne', '', NULL, NULL, 'Mouhamadoul Moustapha', 'DIANKHA', 'SCC', 'BNL', '2', '2022-07-12 11:54:57', '2022-07-12 11:54:57');
COMMIT;
